{"global_step": 6144, "_timestamp": 1717620204.903153, "rollout/ep_len_mean": 172.22857666015625, "rollout/ep_rew_mean": 0.18285714089870453, "time/fps": 172.0, "_runtime": 41.15284299850464, "_step": 2, "train/approx_kl": 0.004110859706997871, "train/clip_fraction": 0.13247069716453552, "train/clip_range": 0.20000000298023224, "train/entropy_loss": -1.0400563478469849, "train/explained_variance": 0.5588703155517578, "train/learning_rate": 0.0003000000142492354, "train/loss": 0.16387398540973663, "train/policy_gradient_loss": 0.019360912963747978, "train/value_loss": 0.33326759934425354, "_wandb": {"runtime": 49}}