{"global_step": 5002160, "_timestamp": 1720223876.5862608, "eval/mean_ep_length": 1532.4000244140625, "eval/mean_reward": 17.200000762939453, "_runtime": 7586.233308792114, "_step": 404, "rollout/ep_len_mean": 1597.93994140625, "rollout/ep_rew_mean": -11.71500015258789, "time/fps": 660.0, "train/approx_kl": 0.001643431605771184, "train/clip_fraction": 0.0, "train/clip_range": 0.3051873445510864, "train/entropy_loss": -1.0790750980377197, "train/explained_variance": 0.0, "train/learning_rate": 0.0008875374915078282, "train/loss": 1.0449670553207397, "train/policy_gradient_loss": -0.00022098982299212366, "train/value_loss": 2.5021355152130127, "_wandb": {"runtime": 7598}}