{"global_step": 98304, "_timestamp": 1717619987.369398, "rollout/ep_len_mean": 185.6199951171875, "rollout/ep_rew_mean": 0.6840000152587891, "time/fps": 128.0, "_runtime": 772.7753481864929, "_step": 47, "train/approx_kl": 0.007026806939393282, "train/clip_fraction": 0.022705078125, "train/clip_range": 0.20000000298023224, "train/entropy_loss": -1.026328206062317, "train/explained_variance": 0.07127946615219116, "train/learning_rate": 0.0003000000142492354, "train/loss": 62.127288818359375, "train/policy_gradient_loss": -0.0011761380592361093, "train/value_loss": 119.85424041748047, "_wandb": {"runtime": 773}}