{"global_step": 151552, "_timestamp": 1717599571.3456588, "rollout/ep_len_mean": 193.32000732421875, "rollout/ep_rew_mean": 0.46000000834465027, "time/fps": 192.0, "_runtime": 800.9250237941742, "_step": 73, "train/approx_kl": 0.007066155783832073, "train/clip_fraction": 0.01909179612994194, "train/clip_range": 0.20000000298023224, "train/entropy_loss": -0.9683182239532471, "train/explained_variance": -0.14320027828216553, "train/learning_rate": 0.0003000000142492354, "train/loss": 39.467281341552734, "train/policy_gradient_loss": -0.001830961788073182, "train/value_loss": 76.2402114868164, "_wandb": {"runtime": 823}}