{"global_step": 153600, "_timestamp": 1720611586.949172, "time/fps": 1525.0, "_runtime": 116.59836912155151, "_step": 150, "train/approx_kl": 4.3137697502970695e-07, "train/clip_fraction": 0.049072265625, "train/clip_range": 0.0015257600462064147, "train/entropy_loss": -1.0984684228897095, "train/explained_variance": 0.7617049813270569, "train/learning_rate": 0.0001022886426653713, "train/loss": 4.436569690704346, "train/policy_gradient_loss": -3.6501529393717647e-05, "train/value_loss": 9.533194541931152, "rollout/ep_len_mean": 819.4400024414062, "rollout/ep_rew_mean": -59.18000030517578, "mean_reward": -61.324742268041234, "timesteps": 80000, "_wandb": {"runtime": 116}}