{"_wandb": {"runtime": 91}, "global_step": 2048, "_timestamp": 1717526665.769391, "rollout/ep_len_mean": 520.0, "rollout/ep_rew_mean": -2.866666555404663, "time/fps": 27.0, "_runtime": 91.52802014350891, "_step": 0}