{"global_step": 237568, "_timestamp": 1720442509.919713, "rollout/ep_len_mean": 771.6599731445312, "rollout/ep_rew_mean": -68.48999786376953, "time/fps": 661.0, "_runtime": 365.31466698646545, "_step": 28, "train/approx_kl": 2.4832181225065142e-05, "train/clip_fraction": 0.0, "train/clip_range": 0.20000000298023224, "train/entropy_loss": -1.0709710121154785, "train/explained_variance": 0.0, "train/learning_rate": 0.0003000000142492354, "train/loss": 6.7013092041015625, "train/policy_gradient_loss": 3.5325451790413354e-06, "train/value_loss": 11.645665168762207}