{"global_step": 32768, "_timestamp": 1720383552.0826552, "rollout/ep_len_mean": 815.0810546875, "rollout/ep_rew_mean": -56.60810852050781, "time/fps": 44.0, "_runtime": 747.8389961719513, "_step": 4, "train/approx_kl": 0.009530244395136833, "train/clip_fraction": 0.09804687649011612, "train/clip_range": 0.20000000298023224, "train/entropy_loss": -1.074041724205017, "train/explained_variance": 0.7516331672668457, "train/learning_rate": 0.0003000000142492354, "train/loss": 2.0298402309417725, "train/policy_gradient_loss": -0.007248240988701582, "train/value_loss": 4.555155277252197, "eval/mean_ep_length": 666.2000122070312, "eval/mean_reward": -70.69999694824219, "_wandb": {"runtime": 1328}}