{"mean_reward": -1500.0, "timesteps": 8000, "_timestamp": 1720903182.023193, "_runtime": 220.2112419605255, "_step": 3, "_wandb": {"runtime": 349}}