{"mean_reward": 59.68, "timesteps": 560000, "_timestamp": 1721043791.25951, "_runtime": 2896.6211969852448, "_step": 13}