{"mean_reward": -1500.0, "timesteps": 8000, "_timestamp": 1720903698.5122404, "_runtime": 273.9943914413452, "_step": 3, "_wandb": {"runtime": 273}}