{"mean_reward": -11.53, "timesteps": 1440000, "_timestamp": 1720645194.0618453, "_runtime": 13200.082211256027, "_step": 17}