{"mean_reward": 66.7, "timesteps": 1000000, "_timestamp": 1720626498.485274, "_runtime": 2384.1727471351624, "_step": 24, "_wandb": {"runtime": 2444}}