{"global_step": 24576, "_timestamp": 1720441929.9927576, "rollout/ep_len_mean": 821.6071166992188, "rollout/ep_rew_mean": -65.03571319580078, "time/fps": 695.0, "_runtime": 42.06368160247803, "_step": 3, "train/approx_kl": 0.0002834844053722918, "train/clip_fraction": 0.0, "train/clip_range": 0.20000000298023224, "train/entropy_loss": -1.0985381603240967, "train/explained_variance": -1.1920928955078125e-07, "train/learning_rate": 0.0003000000142492354, "train/loss": 6.205443382263184, "train/policy_gradient_loss": -0.00012348449672572315, "train/value_loss": 13.289432525634766, "eval/mean_ep_length": 631.7999877929688, "eval/mean_reward": -69.0}