{"mean_reward": -69.87, "timesteps": 80000, "_timestamp": 1720613698.0594327, "_runtime": 107.97612977027893, "_step": 0}