{"mean_reward": -1500.0, "timesteps": 4000, "_timestamp": 1720903803.0958273, "_runtime": 49.115259408950806, "_step": 1, "_wandb": {"runtime": 230}}