{"timesteps": 8000, "_timestamp": 1720746519.6440558, "_runtime": 55.76402187347412, "_step": 1, "_wandb": {"runtime": 74}}