{"_wandb": {"runtime": 100}, "global_step": 2048, "_timestamp": 1717524008.234515, "rollout/ep_len_mean": 631.0, "rollout/ep_rew_mean": -2.799999952316284, "time/fps": 25.0, "_runtime": 98.77147197723389, "_step": 0}