{"global_step": 26624, "_timestamp": 1720363576.6279554, "rollout/ep_len_mean": 689.4736938476562, "rollout/ep_rew_mean": 16.0657901763916, "time/fps": 35.0, "_runtime": 749.5555934906006, "_step": 12, "train/approx_kl": 0.008230853825807571, "train/clip_fraction": 0.11616210639476776, "train/clip_range": 0.20000000298023224, "train/entropy_loss": -1.002848505973816, "train/explained_variance": 0.7771965861320496, "train/learning_rate": 0.0003000000142492354, "train/loss": 2.1972665786743164, "train/policy_gradient_loss": -0.005234023090451956, "train/value_loss": 6.977561950683594, "_wandb": {"runtime": 799}}