{"global_step": 49152, "_timestamp": 1720429207.1298974, "rollout/ep_len_mean": 759.9508056640625, "rollout/ep_rew_mean": -65.72950744628906, "time/fps": 632.0, "_runtime": 84.10563945770264, "_step": 7, "train/approx_kl": 0.00024379370734095573, "train/clip_fraction": 0.0, "train/clip_range": 0.20000000298023224, "train/entropy_loss": -1.0980620384216309, "train/explained_variance": -1.1920928955078125e-07, "train/learning_rate": 0.0003000000142492354, "train/loss": 7.620433330535889, "train/policy_gradient_loss": -7.692250073887408e-05, "train/value_loss": 14.508618354797363, "eval/mean_ep_length": 590.4000244140625, "eval/mean_reward": -71.4000015258789}