{"global_step": 49152, "_timestamp": 1717420108.83022, "rollout/ep_len_mean": 603.74072265625, "rollout/ep_rew_mean": -0.45185184478759766, "time/fps": 541.0, "_runtime": 95.85848593711853, "_step": 23, "train/approx_kl": 0.010043703019618988, "train/clip_fraction": 0.11435546725988388, "train/clip_range": 0.20000000298023224, "train/entropy_loss": -1.0298601388931274, "train/explained_variance": 0.3745266795158386, "train/learning_rate": 0.0003000000142492354, "train/loss": 93.16801452636719, "train/policy_gradient_loss": -0.00040762717253528535, "train/value_loss": 193.46615600585938, "_wandb": {"runtime": 95}}