{"timesteps": 160000, "_timestamp": 1720896850.8453994, "_runtime": 5243.549425363541, "_step": 4, "mean_reward": -1500.0, "_wandb": {"runtime": 5239}}