{"global_step": 26624, "_timestamp": 1717618596.2376719, "rollout/ep_len_mean": 185.8699951171875, "rollout/ep_rew_mean": 0.8019999861717224, "time/fps": 142.0, "_runtime": 192.88796591758728, "_step": 12, "train/approx_kl": 0.013227046467363834, "train/clip_fraction": 0.01210937462747097, "train/clip_range": 0.20000000298023224, "train/entropy_loss": -0.992800772190094, "train/explained_variance": -0.4949272871017456, "train/learning_rate": 0.0003000000142492354, "train/loss": 16.23415756225586, "train/policy_gradient_loss": -0.0008440815145149827, "train/value_loss": 32.86444854736328, "_wandb": {"runtime": 205}}