{"mean_reward": -1500.0, "timesteps": 10000, "_timestamp": 1720898479.821192, "_runtime": 375.3758771419525, "_step": 4, "_wandb": {"runtime": 374}}