{"mean_reward": 58.385, "timesteps": 1200000, "_timestamp": 1721040596.1564484, "_runtime": 10711.60331940651, "_step": 14}