{"global_step": 65536, "_timestamp": 1720566923.5078518, "rollout/ep_len_mean": 873.5223999023438, "rollout/ep_rew_mean": -60.30596923828125, "time/fps": 161.0, "_runtime": 419.15908885002136, "_step": 3, "train/approx_kl": 0.01024775579571724, "train/clip_fraction": 0.14757689833641052, "train/clip_range": 0.20000000298023224, "train/entropy_loss": -1.0701093673706055, "train/explained_variance": 0.751510739326477, "train/learning_rate": 0.0003000000142492354, "train/loss": 0.055008452385663986, "train/policy_gradient_loss": -0.011590156704187393, "train/value_loss": 0.06837727129459381, "_wandb": {"runtime": 546}}