{"global_step": 24576, "_timestamp": 1720364620.13867, "rollout/ep_len_mean": 674.0606079101562, "rollout/ep_rew_mean": 22.530303955078125, "time/fps": 47.0, "_runtime": 526.8479590415955, "_step": 3, "train/approx_kl": 0.0038200346753001213, "train/clip_fraction": 0.02369384840130806, "train/clip_range": 0.20000000298023224, "train/entropy_loss": -1.0823537111282349, "train/explained_variance": 0.7554524540901184, "train/learning_rate": 0.0003000000142492354, "train/loss": 2.1115918159484863, "train/policy_gradient_loss": -0.0012450683861970901, "train/value_loss": 5.489729881286621, "eval/mean_ep_length": 579.4000244140625, "eval/mean_reward": 1.600000023841858}