{"global_step": 49152, "_timestamp": 1720556645.0520487, "rollout/ep_len_mean": 860.8302001953125, "rollout/ep_rew_mean": -62.32075500488281, "time/fps": 149.0, "_runtime": 344.14264273643494, "_step": 2, "train/approx_kl": 0.008865461684763432, "train/clip_fraction": 0.06812743842601776, "train/clip_range": 0.20000000298023224, "train/entropy_loss": -1.0971553325653076, "train/explained_variance": 0.7114901542663574, "train/learning_rate": 0.0003000000142492354, "train/loss": -0.01776813715696335, "train/policy_gradient_loss": -0.0023503105621784925, "train/value_loss": 0.05054919794201851, "_wandb": {"runtime": 366}}