{"timesteps": 20000, "_timestamp": 1720770077.1376462, "_runtime": 865.3169813156128, "_step": 4, "mean_reward": -1485.0}