{"acc": 0.7773834062356346, "loss": 0.2185400442407223, "_timestamp": 1717409600.640401, "_runtime": 5.962756872177124, "_step": 7, "_wandb": {"runtime": 4}}