{"acc": 0.8076460738333648, "loss": 0.18250466689705427, "_timestamp": 1717409470.8360739, "_runtime": 11.619917869567871, "_step": 7, "_wandb": {"runtime": 9}}