{"mean_reward": -1425.3846153846155, "timesteps": 80000, "_timestamp": 1720746084.786331, "_runtime": 383.6591169834137, "_step": 3, "_wandb": {"runtime": 460}}