{"global_step": 679936, "_timestamp": 1720445109.8187463, "rollout/ep_len_mean": 752.1199951171875, "rollout/ep_rew_mean": -23.71500015258789, "time/fps": 653.0, "_runtime": 1046.33868932724, "_step": 82, "train/approx_kl": 0.0007175025530159473, "train/clip_fraction": 0.0, "train/clip_range": 0.20000000298023224, "train/entropy_loss": -1.0169519186019897, "train/explained_variance": -1.1920928955078125e-07, "train/learning_rate": 0.0003000000142492354, "train/loss": 9.521292686462402, "train/policy_gradient_loss": -0.00032536505023017526, "train/value_loss": 17.639570236206055}