{"mean_reward": -213.9, "timesteps": 1000000, "_timestamp": 1720748692.1463902, "_runtime": 2117.4403812885284, "_step": 49, "_wandb": {"runtime": 2140}}