{"global_step": 16384, "_timestamp": 1720422160.4288833, "rollout/ep_len_mean": 770.4000244140625, "rollout/ep_rew_mean": -63.79999923706055, "time/fps": 64.0, "_runtime": 270.209730386734, "_step": 1, "_wandb": {"runtime": 905}, "train/approx_kl": 0.00730675645172596, "train/clip_fraction": 0.02790527418255806, "train/clip_range": 0.20000000298023224, "train/entropy_loss": -1.091907024383545, "train/explained_variance": -0.0006262063980102539, "train/learning_rate": 0.0003000000142492354, "train/loss": 1.3405754566192627, "train/policy_gradient_loss": -0.0008196042035706341, "train/value_loss": 3.2431252002716064}