{"global_step": 4096, "_timestamp": 1721754583.290436, "rollout/ep_len_mean": 406.20001220703125, "rollout/ep_rew_mean": -32.5, "time/fps": 290.0, "_runtime": 23.862174034118652, "_step": 1, "_wandb": {"runtime": 24}, "train/approx_kl": 0.011940311640501022, "train/clip_fraction": 0.04047851637005806, "train/clip_range": 0.20000000298023224, "train/entropy_loss": -1.090620517730713, "train/explained_variance": -0.06174921989440918, "train/learning_rate": 0.0003000000142492354, "train/loss": 3.2232069969177246, "train/policy_gradient_loss": -0.0033565829508006573, "train/value_loss": 10.170821189880371}