{"global_step": 79872, "_timestamp": 1720571323.3030133, "time/fps": 3945.0, "_runtime": 34.85005331039429, "_step": 77, "train/approx_kl": 1.837918534874916e-05, "train/clip_fraction": 0.08984375, "train/clip_range": 0.007884800434112549, "train/entropy_loss": -1.096997857093811, "train/explained_variance": 0.6567617654800415, "train/learning_rate": 0.00011182719754287973, "train/loss": 3.572484254837036, "train/policy_gradient_loss": -0.00024380109971389174, "train/value_loss": 8.06475830078125, "rollout/ep_len_mean": 818.774169921875, "rollout/ep_rew_mean": -60.655914306640625, "_wandb": {"runtime": 34}}