{"global_step": 1007616, "_timestamp": 1720454398.902254, "rollout/ep_len_mean": 2046.22998046875, "rollout/ep_rew_mean": 89.6050033569336, "time/fps": 580.0, "_runtime": 1741.6263811588287, "_step": 122, "train/approx_kl": 0.028659524396061897, "train/clip_fraction": 0.21390381455421448, "train/clip_range": 0.20000000298023224, "train/entropy_loss": -0.6629998087882996, "train/explained_variance": 0.8444163799285889, "train/learning_rate": 0.0003000000142492354, "train/loss": 0.365044504404068, "train/policy_gradient_loss": -0.025636516511440277, "train/value_loss": 0.8893239498138428, "_wandb": {"runtime": 1748}}