{"global_step": 102400, "_timestamp": 1720381512.376711, "rollout/ep_len_mean": 1681.26318359375, "rollout/ep_rew_mean": 31.552631378173828, "time/fps": 6.0, "_runtime": 15838.294106960297, "_step": 49, "train/approx_kl": 0.020816076546907425, "train/clip_fraction": 0.204345703125, "train/clip_range": 0.20000000298023224, "train/entropy_loss": -0.92984938621521, "train/explained_variance": 0.8201212882995605, "train/learning_rate": 0.0003000000142492354, "train/loss": -0.02787882089614868, "train/policy_gradient_loss": -0.00027334943297319114, "train/value_loss": 0.001648199395276606, "_wandb": {"runtime": 15881}}