{"mean_reward": -1500.0, "timesteps": 10000, "_timestamp": 1720899842.4971054, "_runtime": 378.09058237075806, "_step": 4, "_wandb": {"runtime": 377}}