{"_wandb": {"runtime": 89}, "global_step": 2048, "_timestamp": 1717524693.000722, "rollout/ep_len_mean": 881.5, "rollout/ep_rew_mean": -2.6500000953674316, "time/fps": 28.0, "_runtime": 88.60878086090088, "_step": 0}