{"global_step": 1001472, "_timestamp": 1720333012.3551857, "rollout/ep_len_mean": 2083.360107421875, "rollout/ep_rew_mean": 55.04499816894531, "time/fps": 35.0, "_runtime": 28259.278389692307, "_step": 488, "train/approx_kl": 0.020265527069568634, "train/clip_fraction": 0.17915038764476776, "train/clip_range": 0.20000000298023224, "train/entropy_loss": -0.880271852016449, "train/explained_variance": 0.8945149779319763, "train/learning_rate": 0.0003000000142492354, "train/loss": 0.06240903213620186, "train/policy_gradient_loss": -0.000760131049901247, "train/value_loss": 0.49609997868537903, "_wandb": {"runtime": 28303}}