{"global_step": 32768, "_timestamp": 1720423647.8263524, "rollout/ep_len_mean": 789.5, "rollout/ep_rew_mean": -61.592105865478516, "time/fps": 47.0, "_runtime": 699.1641862392426, "_step": 4, "train/approx_kl": 0.0074645294807851315, "train/clip_fraction": 0.07126464694738388, "train/clip_range": 0.20000000298023224, "train/entropy_loss": -1.0846436023712158, "train/explained_variance": 0.7526097297668457, "train/learning_rate": 0.0003000000142492354, "train/loss": 2.543818712234497, "train/policy_gradient_loss": -0.0037112871650606394, "train/value_loss": 5.278305530548096, "eval/mean_ep_length": 549.5999755859375, "eval/mean_reward": -79.5, "_wandb": {"runtime": 1170}}