{"global_step": 14336, "_timestamp": 1721807914.097228, "rollout/ep_len_mean": 384.3333435058594, "rollout/ep_rew_mean": -40.68055725097656, "time/fps": 237.0, "_runtime": 65.79116606712341, "_step": 6, "train/approx_kl": 0.005221766419708729, "train/clip_fraction": 0.01547851599752903, "train/clip_range": 0.20000000298023224, "train/entropy_loss": -1.0598647594451904, "train/explained_variance": 0.6559844017028809, "train/learning_rate": 0.0003000000142492354, "train/loss": 9.426036834716797, "train/policy_gradient_loss": -0.0012540363240987062, "train/value_loss": 15.160419464111328, "_wandb": {"runtime": 73}}