{"global_step": 115712, "_timestamp": 1720613536.558011, "time/fps": 3349.0, "_runtime": 58.80747103691101, "_step": 113, "train/approx_kl": 5.167094059288502e-07, "train/clip_fraction": 0.161865234375, "train/clip_range": 0.0011468799784779549, "train/entropy_loss": -1.0985406637191772, "train/explained_variance": 0.6164473295211792, "train/learning_rate": 0.00010172031761612743, "train/loss": 3.6510040760040283, "train/policy_gradient_loss": -2.822742681019008e-05, "train/value_loss": 7.522607326507568, "rollout/ep_len_mean": 786.2000122070312, "rollout/ep_rew_mean": -62.709999084472656, "mean_reward": -60.4468085106383, "timesteps": 80000}