{"timesteps": 144000, "_timestamp": 1720776354.2655637, "_runtime": 6070.176896810532, "_step": 35, "mean_reward": -1500.0}